historical_date,historical_return,scenario_spot,scenario_forward,scenario_volatility,scenario_option_price,scenario_pnl,delta_only_pnl,delta_gamma_pnl,delta_gamma_error
2023-01-03,-0.004235958581738308,473.296606526514,476.863449974321,0.1149341015531434,7.388517449258991,0.7494305781209931,0.7063440005430528,0.7501545018094864,0.0007239236884932776
2023-01-04,0.007588887138280542,478.91707394569613,482.5262741886106,0.1224609244740824,5.508590744490515,-1.1304961266474827,-1.2654431806845283,-1.1248283914142472,0.0056677352332354936
2023-01-05,-0.011284563863334207,469.9463339501186,473.4879291759382,0.11084445007816,8.860325929748752,2.221239058610754,1.8816954485754525,2.1926123777326563,-0.028626680878097943
2023-01-06,0.022826717275554964,486.15976698824403,489.82354939352155,0.13277452547801513,3.867145665263917,-2.771941205874081,-3.8063438271542864,-2.5341252531023164,0.23781595277176448
2023-01-09,-0.00041232862591489283,475.1140160808164,478.69455583506493,0.11729473978550077,6.708013573064085,0.0689267019260873,0.06875559464220368,0.06917070329454435,0.00024400136845705023
2023-01-10,0.00706404042487363,478.6676090543467,482.27492928755714,0.12211467363818801,5.578957187868894,-1.0601296832691043,-1.1779252505475555,-1.0560876986694965,0.004041984599607806
2023-01-11,0.012467359582202686,481.23586068301677,484.8625356958046,0.12571594218148535,4.903385755483763,-1.7357011156542352,-2.0789260502844846,-1.6994155614923785,0.03628555416185675
2023-01-12,0.0036410528711219303,477.040628840173,480.6356878747257,0.11987955798471359,6.065311817202304,-0.5737750539356936,-0.607143767237138,-0.5747748044882033,-0.0009997505525096706
2023-01-13,0.00387977729070621,477.1540969440456,480.7500110934613,0.12003402698059341,6.029789910292665,-0.6092969608453327,-0.6469509462505091,-0.6101983176759489,-0.0009013568306162068
2023-01-17,-0.0017567194519036988,474.47501367731564,478.05073780114424,0.11645521380535756,6.938631023812791,0.29954415267479284,0.29293210062036956,0.3004670377440851,0.0009228850692922785
2023-01-18,-0.015687457575986108,467.85359453955806,471.3794185264725,0.10851255057110454,9.942606201165614,3.3035193300276156,2.6158757997167004,3.2167449967897075,-0.08677433323790806
2023-01-19,-0.007457921487497687,471.76517533777746,475.32047766057747,0.11301717888431909,8.024090973692216,1.385004102554218,1.243604723125835,1.3794080553284966,-0.005596047225721268
2023-01-20,0.0187077018090116,484.2019577468413,487.8509857698383,0.1299513060061502,4.243234900526953,-2.3958519706110453,-3.119500033289085,-2.264992904986242,0.13085906562480343
2023-01-23,0.011998585429928266,481.0130476406992,484.63804349663457,0.125400632062007,4.957902040890278,-1.6811848302477204,-2.000758192011226,-1.6492504391297715,0.031934391117948824
2023-01-24,-0.000998427476724073,474.83543743603826,478.4138777744023,0.11692754878576865,6.807435447170194,0.1683485760321961,0.16648728842670085,0.168921217177327,0.0005726411451308921
2023-01-25,0.00022487069934773452,475.416883292107,478.9997055049941,0.11769595663361182,6.601846584899515,-0.0372402862384833,-0.037497078008976746,-0.03737361394923317,-0.0001333277107498712
2023-01-26,0.011016187050359783,480.5461038669065,484.1675807554183,0.12474143866066362,5.0745695441177325,-1.5645173270202655,-1.8369437476153418,-1.540639815298907,0.023877511721358546
2023-01-27,0.0023472438415734764,476.4256684703383,480.01609305931174,0.11904646258552821,6.262213733563306,-0.3768731375746919,-0.3914017508232276,-0.3779496154598815,-0.0010764778851896084
2023-01-30,-0.012571484914218112,469.334647505423,472.87163295851803,0.11014279788449248,9.162842006917655,2.5237551357796573,2.0962888979503504,2.4821650768766097,-0.041590058903047566
2023-01-31,0.014628788257027292,482.26320934644764,485.8976266328927,0.12717554085716593,4.661308661190596,-1.9777782099474024,-2.4393432138625006,-1.9168369275614507,0.060941282385951645
2023-02-01,0.010555063478004278,480.3269272217302,483.9467523578948,0.12443280579427338,5.13048401620298,-1.5086028549350177,-1.7600516197634677,-1.4880343287500941,0.020568526184923552
2023-02-02,0.014315973997516496,482.1145256007596,485.7478223812961,0.12696375039766103,4.695421641748282,-1.9436652293897163,-2.3871815906487357,-1.886782382213926,0.056882847175790285
2023-02-03,-0.010201387388684813,470.4611785602842,474.00665374234916,0.11144684004971282,8.614191495586565,1.9751046244485675,1.7010763066186874,1.9551696524165407,-0.019934972032026765
2023-02-06,-0.005868658453778264,472.5205679503347,476.08156303989756,0.11395362208811334,7.70312451719881,1.0640376460608119,0.9785958974984692,1.0626874716417694,-0.0013501744190425047
2023-02-07,0.01287993364882678,481.4319612626239,485.0601141226175,0.12599383722907198,4.856010280549368,-1.7830765905886299,-2.147722572043676,-1.742678702169398,0.040397888419231975
2023-02-08,-0.010837628245267572,470.1587669187419,473.70196307541914,0.1110917310546494,8.757839706509667,2.1187528353716694,1.8071691550910542,2.0939454910129953,-0.024807344358674044
2023-02-09,-0.008789442929489688,471.13228988118425,474.68282267191296,0.11224735782619712,8.304649816914715,1.665562945776717,1.4656352656812177,1.6542595102186721,-0.011303435558044805
2023-02-10,0.0022843948809903036,476.3957957308835,479.9859951938291,0.11900617491004746,6.2719701752413854,-0.36711669589661255,-0.380921717699279,-0.3681803171481621,-0.001063621251549518
2023-02-13,0.011690030389177597,480.86638834428,484.49027895089966,0.12519335300469175,4.99418967520066,-1.6448971959373377,-1.9493067914212467,-1.6156452955275407,0.029251900409797083
2023-02-14,-0.0003149148518688527,475.1603178217582,478.7412065137744,0.11735594317252926,6.691654098279459,0.052567227141461004,0.0525118959515879,0.0527540329187603,0.00018680577729929954
2023-02-15,0.0031743723950761193,476.81881094310364,480.41219832038723,0.11957825259728708,6.135475215020354,-0.503611656117644,-0.5293250284405285,-0.5047218871998966,-0.0011102310822526107
2023-02-16,-0.013671827821928106,468.81164351795934,472.3446875243587,0.10955562405695113,9.430419480344938,2.7913326092069397,2.279770534138147,2.7361519727672783,-0.055180636439661424
2023-02-17,-0.002620429554526904,474.0644836284378,477.6371139282356,0.11592113743191262,7.091664535658058,0.4525776645200601,0.43695533347879073,0.45372096010816615,0.0011432955881060525
2023-02-21,-0.02001178608260079,465.798197957079,469.3085321269701,0.10643202479233968,11.142624949465445,4.503538078327447,3.336955441569846,4.31474752303466,-0.18879055529278688
2023-02-22,-0.0014782891934554954,474.6073543634587,478.18407582912903,0.11662828020653607,6.890119024538898,0.25103215340090035,0.2465039925948493,0.25183971978558917,0.0008075663846888181
2023-02-23,0.005369868513499965,477.86235220315166,481.4636038842451,0.12100316670354337,5.813591286312349,-0.8254955848256493,-0.8954229214061941,-0.8250181462879916,0.00047743853765769284
2023-02-24,-0.010482703539160476,470.32746618080165,473.8719336837113,0.11128938542873745,8.677382551753608,2.03829568061561,1.7479856357138719,2.0162860971830714,-0.02200958343253845
2023-02-27,0.0031276799677142364,476.79661756545426,480.3898376896822,0.11954815551453417,6.142548185914447,-0.49653868522355094,-0.52153908924838,-0.497654409128467,-0.001115723904916044
2023-02-28,-0.003495096806638176,473.6487455368368,477.2182427639111,0.11538475077881861,7.25063946814609,0.6115525970080924,0.5828056656004784,0.6126315431665033,0.001078946158410865
2023-03-01,-0.003911079710327781,473.4510247028841,477.0190318722412,0.11513129220982711,7.327687619776881,0.6886007486388834,0.6521706092560531,0.6895186777598021,0.0009179291209187035
2023-03-02,0.007498226770696226,478.8739821663796,482.48285766234136,0.122401052752616,5.520668850389822,-1.1184180207481758,-1.2503256091845851,-1.1130504507097692,0.005367570038406599
2023-03-03,0.0161168661369806,482.9705076435682,486.6102552498633,0.12818532774373978,4.503140854329075,-2.135946016808923,-2.687479465094326,-2.0532651947550296,0.08268082205389327
2023-03-06,0.0008660579516492906,475.72164600499843,479.3067649613454,0.11810172258925836,6.497001107598775,-0.14208576353922275,-0.1444147355234667,-0.14258339662877983,-0.0004976330895570813
2023-03-07,-0.015254153481012667,468.0595483089399,471.5869243983683,0.10873309496088605,9.830048902386318,3.1909620312483202,2.543622555972838,3.1117568900018644,-0.07920514124645583
2023-03-08,0.0013808340237504435,475.96632421982883,479.55328711267424,0.1184289181065433,6.414242659523757,-0.22484421161424084,-0.23025339119855576,-0.2255979829551182,-0.0007537713408773683
2023-03-09,-0.01812666098380389,466.6942167677882,470.21130348730674,0.10731106995092585,10.602041233963734,3.9629543628257355,3.0226117627744977,3.824863076567722,-0.13809128625801348
2023-03-10,-0.014656691264714139,468.34352807496873,471.87304428404684,0.10904055040661795,9.677066098773276,3.0379792276352777,2.443996026607573,2.9684974749358912,-0.0694817526993865
2023-03-13,-0.0015548472362589827,474.57096556013374,478.14741279361454,0.11658065054885039,6.903418552096874,0.26433168095887627,0.2592700084054646,0.26517270233237233,0.0008410213734960648
2023-03-14,0.01661086454359051,483.205310026214,486.8468271430624,0.12852132621396964,4.452099327474713,-2.1869875436632853,-2.769853455314884,-2.096164719948484,0.09082282371480144
2023-03-15,-0.006280476907758681,472.3248265209732,475.8843464699474,0.11370920448120596,7.78487471379646,1.1457878426584616,1.0472664212226839,1.1435739099376383,-0.002213932720823264
2023-03-16,0.01739331500655128,483.57721655576387,487.2215364232549,0.12905424603068194,4.372705652828417,-2.266381218309581,-2.9003266834094847,-2.161675263318803,0.10470595499077806
2023-03-17,-0.01479797979797981,468.2763722222222,471.8053823334115,0.10896749593003482,9.71301303435908,3.0739261632210813,2.4675558197198053,3.002218255288413,-0.07170790793266812
2023-03-20,0.008817347618803595,479.5009734966935,483.1145741055919,0.12327462130289678,5.348034416680014,-1.2910524544579838,-1.4702883588367612,-1.2804645260536462,0.010587928404337532
2023-03-21,0.013237461253112537,481.60189770821694,485.2313312380678,0.1262349379045877,4.815407890466621,-1.8236789806713771,-2.2073401234060754,-1.7794973349959053,0.04418164567547178
2023-03-22,-0.016625291506808137,467.407832693899,470.9302973439905,0.10804241003014672,10.190914130174919,3.551827259036921,2.772259144303143,3.4471186198562713,-0.10470863918064977
2023-03-23,0.0025244798041614835,476.509910495716,480.1009699468712,0.11916016768465347,6.2347969645996955,-0.40428990653830255,-0.4209557600135483,-0.40539543680539997,-0.001105530267097421
2023-03-24,0.006562380770698262,478.4291652041206,482.03468848406084,0.1217845413952946,5.64722904657245,-0.9918578245655478,-1.0942737510808342,-0.9891265627146636,0.002731261850884237
2023-03-27,0.0018446920880397233,476.18680059636614,479.7754250365546,0.11872480296585856,6.340733564170281,-0.29835330696771667,-0.30760149422928634,-0.2992929950299221,-0.0009396880622054571
2023-03-28,-0.002043081269232694,474.338903041921,477.9136014129313,0.11627766930257095,6.988940076232254,0.34985320509425577,0.3406827921703128,0.3508744796226248,0.0010212745283690317
2023-03-29,0.014356122835839757,482.133608745103,485.7670493394498,0.12699092327744543,4.691026232388463,-1.948060638749535,-2.3938763896018376,-1.8906665280419013,0.05739411070763367
2023-03-30,0.005880447512022657,478.1050355069395,481.7081160905437,0.12133711461638383,5.741652471852128,-0.8974343992858698,-0.9805617171358256,-0.8961319545619281,0.001302444723941698
2023-03-31,0.014119745349153945,482.02125616190636,485.65385004814306,0.12683098443279514,4.7169771960051925,-1.9221096751328055,-2.354460560489679,-1.867685251948636,0.05442442318416951
2023-04-03,0.0037616942279978804,477.0979708835097,480.6934620574201,0.11995759176045757,6.047329473742081,-0.5917573973959174,-0.6272606538880231,-0.5927111517398704,-0.0009537543439530616
2023-04-04,-0.005499720146983633,472.6959280169372,476.2582446496845,0.11417360101036927,7.630715655856086,0.9916287847180882,0.9170756171306826,0.9909265514680327,-0.0007022332500555839
2023-04-05,-0.002471431717522621,474.1353037903443,477.7084678028858,0.11601296377455252,7.064987426078283,0.4259005549402852,0.412110017777265,0.42702325905150584,0.0011227041112206182
2023-04-06,0.0038021880979246525,477.1172180248246,480.7128542484543,0.11998379721750951,6.041307846050413,-0.5977790250875854,-0.6340129866905377,-0.5987156442517781,-0.0009366191641927424
2023-04-10,0.0010996798709710376,475.83268883947125,479.4186446334399,0.11825005969726851,6.459287649145233,-0.17979922199276466,-0.18337107513917209,-0.18041845645633894,-0.0006192344635742864
2023-04-11,9.764194698025364e-05,475.35641019381916,478.93877667118767,0.11761568237961904,6.622886424217534,-0.01620044692046374,-0.01628174641464528,-0.01625846830692587,-5.802138646212804e-05
2023-04-12,-0.0040273370759091875,473.3957664144496,476.9633571479791,0.11506065071079596,7.349389051334632,0.710302180196634,0.6715564675246896,0.7111578887938769,0.0008557085972428213
2023-04-13,0.013258179144712612,481.61174512927334,485.24125287095836,0.12624891700463636,4.8130678385813495,-1.8260190325566485,-2.210794821593793,-1.7816117554904372,0.04440727706621139
2023-04-14,-0.0023218691046291706,474.2063923958787,477.78009214420064,0.11610526816508258,7.038326156569476,0.39923928543147813,0.3871705259752752,0.4003333864463053,0.0010941010148271535
2023-04-17,0.003515151515151471,476.98078666666663,480.5753947204569,0.11979818429815059,6.084146110885321,-0.554940760252677,-0.5861497783361588,-0.55598063968709,-0.0010398794344129714
2023-04-18,0.0006280951805772705,475.6085399202802,479.19280649000183,0.11795089771219619,6.53568212434862,-0.10340474678937817,-0.1047345610231853,-0.10377134048478999,-0.00036659369541182374
2023-04-19,0.0,475.31,478.89201672228165,0.11755413073134284,6.639086871137998,0.0,-0.0,0.0,0.0
2023-04-20,-0.005625165978609847,472.6363023587069,476.1981696423876,0.11409869814303698,7.655248593281166,1.0161617221431678,0.9379936475723301,1.01525200938858,-0.0009097127545878436
2023-04-21,0.0007283674856755074,475.6562003496164,479.24082609641175,0.11801441874021905,6.5193498431230195,-0.11973702801497854,-0.1214549183543714,-0.12015960180713171,-0.0004225737921531719
2023-04-24,0.0011160172740063423,475.84045417050794,479.42646848532746,0.11826044272413977,6.456659973987065,-0.18242689715093263,-0.18609532902309017,-0.18305432744312966,-0.0006274302921970287
2023-04-25,-0.01580069794493988,467.79977025979065,471.32518861780983,0.10845525588856512,9.972246654968862,3.3331597838308635,2.634758575288351,3.2443338655140015,-0.08882591831686204
2023-04-26,-0.004309071210479631,473.2618553629469,476.8284369200951,0.11488981766017724,7.4022868443938075,0.7631999732558095,0.7185354952611703,0.763871386167952,0.000671412912142566
2023-04-27,0.019882780621707896,484.76048445730396,488.41372163225805,0.1307550354306436,4.131482104064912,-2.5076047670730857,-3.3154438447067767,-2.3502177517864764,0.15738701528660926
2023-04-28,0.00851094784316575,479.3553386193351,482.9678416991134,0.12307125800722718,5.3875445713869246,-1.2515422997510735,-1.4191963476394494,-1.242335920161561,0.009206379589512537
2023-05-01,-0.0009376803231391229,474.86431116560874,478.44296910129276,0.11696552263097709,6.7970510751058555,0.15796420396785749,0.15635773058121044,0.158504495142869,0.0005402911750115036
2023-05-02,-0.011262724713017036,469.95671431665585,473.498387770677,0.11085649095750168,8.855287491764704,2.216200620626706,1.8780537810506701,2.187768432283083,-0.028432188343623377
2023-05-03,-0.007009857612267245,471.9781445783133,475.535051873407,0.11327931104514792,7.932092823707489,1.2930059525694908,1.168890293316829,1.2888659691775115,-0.004139983391979296
2023-05-04,-0.006814226536264956,472.0711299850479,475.6287380339272,0.11339423249321891,7.892299461541467,1.2532125904034688,1.1362689080536044,1.249641466427389,-0.0035711239760798374
2023-05-05,0.018435795552703693,484.0727179841556,487.7207720343956,0.12976555384481192,4.269625286880779,-2.369461584257219,-3.0741597993970013,-2.244311747502935,0.12514983675428404
2023-05-08,0.0003392623467259881,475.4712547860223,479.05448675170317,0.1177682001305068,6.58299659505961,-0.0560902760783879,-0.05657182868905556,-0.05629080292587309,-0.00020052684748518568
2023-05-09,-0.004433139534883668,473.2028844476744,476.7690215900099,0.11481474916858425,7.425720287272818,0.7866334161348201,0.7392238270541261,0.7872079558864643,0.0005745397516442319
2023-05-10,0.004379881743192815,477.39180159135697,480.98950712328434,0.12035835152771633,5.956175410854783,-0.6829114602832149,-0.7303431166040195,-0.6835049829373193,-0.0005935226541043948
2023-05-11,-0.001453594011192605,474.61909223054005,478.1959021547662,0.11664365089659937,6.885835390416254,0.24674851927825614,0.2423860831542575,0.24754503010723056,0.0007965108289744172
2023-05-12,-0.00126161535288849,474.71034160661856,478.2878392016091,0.11676325542817337,6.852640369087332,0.21355349794933431,0.21037373673756063,0.21425996891184404,0.0007064709625097254
2023-05-15,0.0033280699623465804,476.89186493380294,480.48580285834265,0.11967738686656251,6.112261370398951,-0.5268255007390472,-0.5549540218418186,-0.5279107205281686,-0.00108521978912135
2023-05-16,-0.006682485109679948,472.133748002518,475.6918279513904,0.11347178173764542,7.865629246636446,1.2265423754984477,1.1143010902632022,1.2233322952035288,-0.003210080294918871
2023-05-17,0.01213864378686691,481.0796187783357,484.70511632564774,0.12549478913991094,4.9415366949882635,-1.6975501761497345,-2.024112853828751,-1.6643509719063874,0.0331992042433471
2023-05-18,0.009632983334938894,479.8886533089298,483.50517553860266,0.12381724672601721,5.244556365343402,-1.394530505794596,-1.6062952115015983,-1.3797283283643509,0.014802177430245145
2023-05-19,-0.00152657189199501,474.58440511401585,478.1609536302526,0.11659823794857167,6.898503129489917,0.2594162583519193,0.2545551087201259,0.2602450703214842,0.0008288119695649132
2023-05-22,0.00040611562350689745,475.50303081700906,479.0865022522453,0.11781045094663213,6.572009472649465,-0.06707739848853311,-0.06771957956047285,-0.06731688644305231,-0.00023948795451919636
2023-05-23,-0.011247224013181456,469.9640819542947,473.50581093208194,0.11086503982612933,8.851713286297265,2.212626415159267,1.87546904701188,2.1843317746930166,-0.02829464046625052
2023-05-24,-0.007172873496594789,471.90066149833353,475.45698486780356,0.11318376657105124,7.965425287974794,1.326338416836796,1.1960731114832797,1.3216937959150346,-0.004644620921761433
2023-05-25,0.008611253010289754,479.40301466832085,483.01587704288517,0.12313780296227257,5.374571488656511,-1.2645153824814868,-1.4359221846972077,-1.2548684401171328,0.009646942364353928
2023-05-26,0.012878952318934989,481.431494826713,485.05964417156656,0.1259931758213713,4.8561222998866285,-1.7829645712513695,-2.147558935769084,-1.7425767846156721,0.04038778663569742
2023-05-30,0.0003809795937803617,475.49108341071974,479.0744648082772,0.11779456256309687,6.576137969386203,-0.06294890175179457,-0.06352815902313375,-0.06317377164877133,-0.0002248698969767593
2023-05-31,-0.0055459024587627415,472.67397710232547,476.2361283092597,0.11414601323310006,7.639736899957026,1.0006500288190283,0.9247764948014526,0.9998729203915903,-0.0007771084274380557
2023-06-01,0.009621828626136919,479.8833513642891,483.49983363760856,0.12380981358980085,5.245955083657719,-1.3931317874802787,-1.6044351693203398,-1.3783926978333008,0.014739089646977899
2023-06-02,0.014413730975297412,482.16099046986864,485.79463741753426,0.12702991776730613,4.684728234471688,-1.95435863666631,-2.4034825183925697,-1.8962260005593046,0.058132636107005364
2023-06-05,-0.0018929656461790234,474.41025449871466,477.985490586397,0.11637068346721574,6.9625145331901725,0.32342766205217455,0.31565108619734145,0.3244001236775438,0.0009724616253692364
2023-06-06,0.0022009412535999306,476.3561293872486,479.9460299179054,0.11895270591632622,6.2849530432420355,-0.3541338278959625,-0.36700586656587686,-0.35517840041769455,-0.0010445725217320678
2023-06-07,-0.003364250169380689,473.71093825199165,477.28090417390865,0.11546469748308325,7.226597532056629,0.5875106609186309,0.5609870534883454,0.5886215386601967,0.0011108777415658189
2023-06-08,0.005954194894395082,478.14008837525495,481.74343312321605,0.12138542502082747,5.731350160067776,-0.9077367110702221,-0.992859056708295,-0.9062983279309481,0.0014383831392740243
2023-06-09,0.0018642369445156515,476.19609046209774,479.78478491228896,0.11873729167387459,6.337658143039186,-0.30142872809881194,-0.31086058938966094,-0.302375097299991,-0.0009463692011790759
2023-06-12,0.008978205754425206,479.57743097713586,483.19160778256594,0.12338149207598173,5.327432211060362,-1.311654660077636,-1.4971113734726342,-1.3002983105587176,0.011356349518918396
2023-06-13,0.006662209825030407,478.47661495193523,482.0824958212175,0.12185017151247239,5.633563355848176,-1.0055235152898216,-1.110920196565795,-1.0025496096552382,0.0029739056345834403
2023-06-14,0.001076303013648472,475.82157758541723,479.40744964309204,0.11823520502494757,6.463049728239898,-0.17603714289809957,-0.17947299573099051,-0.17664457556610977,-0.0006074326680101938
2023-06-15,0.012489991993595018,481.24661809447565,484.87337417693954,0.12573117730177366,4.900772290268215,-1.7383145808697833,-2.0826999937016146,-1.7018103783001832,0.036504202569600075
2023-06-16,-0.007365400691353496,471.8091513973928,475.3647851312317,0.11307118245299806,8.004995999227988,1.3659091280899904,1.2281769260827553,1.3606316856690304,-0.005277442420960066
2023-06-20,-0.004848071013997979,473.00566336633665,476.57031421717534,0.11456442171424257,7.5047111277370675,0.8656242565990695,0.8084134461812573,0.86580034519477,0.0001760885957005076
2023-06-21,-0.005283381364073025,472.79875600384247,476.3618475657278,0.1143030293365586,7.58861763498717,0.9495307638491717,0.8810012319720332,0.9491563904842,-0.0003743733649717029
2023-06-22,0.003770895127727547,477.1023441631602,480.69786829484735,0.11996354551494656,6.045960629637873,-0.5931262415001246,-0.6287948993718356,-0.5940761781153528,-0.0009499366152282418
2023-06-23,-0.007673805978696602,471.6625632802657,475.21709230120814,0.11289142316198932,8.068846484664608,1.4297596135266097,1.279603355366015,1.4233826806278573,-0.006376932898752408
2023-06-26,-0.004108956602031366,473.35697183748846,476.9242702085105,0.11501110746711468,7.364668914557072,0.7255820434190738,0.6851664831778499,0.7263893243405647,0.0008072809214908494
2023-06-27,0.010940614714199492,480.51018357980615,484.1313897669461,0.1246908224024649,5.08368221364629,-1.5554046574917084,-1.8243420979004559,-1.532089580669439,0.02331507682226941
2023-06-28,0.0005502820195351088,475.5715545467052,479.1555423883828,0.11790163783271364,6.548389447633107,-0.09069742350489118,-0.09175925486641733,-0.09101991273160559,-0.0003224892267144064
2023-06-29,0.004033182089004939,477.22701177872494,480.82347542669345,0.12013340832286744,6.007094232873418,-0.6319926382645802,-0.6725311205704229,-0.6328146660709114,-0.000822027806331227
2023-06-30,0.011617291276760922,480.8318147167572,484.4554447706598,0.12514451996235756,5.002791310510823,-1.6362955606271754,-1.937177580365725,-1.6076554633525966,0.028640097274578835
2023-07-03,0.0012634523836383416,475.91053155246715,479.4970739823148,0.11835419994141999,6.433003716654131,-0.20608315448386705,-0.21068006070742815,-0.20678250285355457,-0.0006993483696875191
2023-07-05,-0.001464656707001133,474.6138340205953,478.1906043180601,0.1166367648773248,6.88775394531263,0.24866707417463196,0.24423078221432437,0.24946855315173683,0.0008014789771048636
2023-07-06,-0.0078079162341472275,471.5988193347475,475.15286797051226,0.1128134825872835,8.096790747962189,1.4577038768241906,1.301966174199333,1.4508148937668246,-0.0068889830573659605
2023-07-07,-0.002615538573508047,474.0668083606259,477.63945617999946,0.11592414964681116,7.0907869855326044,0.45170011439460644,0.4361397648105012,0.4528428644122537,0.0011427500176472427
2023-07-10,0.002553987184457096,476.5239356486443,480.1151007957292,0.119179111245656,6.230246269753437,-0.40884060138456135,-0.42587610109841806,-0.4099498983708521,-0.0011092969862907531
2023-07-11,0.006436938473786125,478.3695412259753,481.97461516951034,0.12170211923358332,5.664457506152519,-0.9746293649854794,-1.0733563100510333,-0.97219055475414,0.0024388102313394056
2023-07-12,0.007955161815223155,479.09116796239374,482.701680207326,0.12270306651119847,5.460117707217605,-1.1789691639203932,-1.3265193020905868,-1.172003518639378,0.006965645281015176
2023-07-13,0.007982062780269139,479.1039542600897,482.7145628647286,0.12272086656179183,5.4565779518288196,-1.1825089193091785,-1.33100502472039,-1.175442461391962,0.007066457917216384
2023-07-14,-0.0007118071002758519,474.9716709671679,478.55113798451333,0.11710689087578925,6.758601374211741,0.11951450307374323,0.11869348227136864,0.11993056699447759,0.00041606392073435805
2023-07-17,0.0035615706526577195,477.00285014691474,480.5976244748318,0.1198281788816032,6.0771939215547714,-0.5618929495832266,-0.5938901465799118,-0.5629189531635922,-0.001026003580365642
2023-07-18,0.007430574039570592,478.8418261467483,482.45045930949584,0.12235639175023832,5.529702604210121,-1.1093842669278766,-1.2390445496961988,-1.1042353457797467,0.005148921148129926
2023-07-19,0.002267773398797912,476.3878953741826,479.9780352987011,0.11899552303674311,6.274553442295408,-0.36453342884258966,-0.37815009375627023,-0.36559343402605965,-0.001060005183469992
2023-07-20,-0.006656122314485313,472.146278502702,475.7044528835476,0.11348731541075899,7.860304534378553,1.2212176632405551,1.1099051071901933,1.2180777400559553,-0.00313992318459988
2023-07-21,-2.211459784606795e-05,475.29948871049777,478.88142621792014,0.11754019676879146,6.642762510541555,0.003675639403557085,0.003687598264147754,0.003688792342718636,1.3152939161550827e-05
2023-07-24,0.004467247556282805,477.43332743597676,481.0313459137076,0.12041510863326174,5.943425574950627,-0.6956612961873709,-0.7449113227698478,-0.6961859857052447,-0.0005246895178737665
2023-07-25,0.0027300748568912514,476.607631880229,480.19942777630115,0.11929223621870037,6.203171359408258,-0.43591551172973997,-0.4552386334729637,-0.4370406224906561,-0.0011251107609161481
2023-07-26,0.00013174073423494193,475.3726176883892,478.9551063081839,0.11763718888367132,6.617239791502481,-0.02184707963551702,-0.021967702341362513,-0.0219253268281131,-7.824719259608148e-05
2023-07-27,-0.006608122941822114,472.16909308452256,475.7274393999237,0.11351561098249811,7.850620190019063,1.2115333188810649,1.1019012355147995,1.2085193605396873,-0.0030139583413775206
2023-07-28,0.00970187186457161,479.9213967159495,483.53816570548753,0.12386315910554664,5.235928270272748,-1.4031586008652503,-1.6177823397804418,-1.3879633659287625,0.01519523493648789
2023-07-31,0.0019917702679042026,476.25670832603754,479.8458596027258,0.1188188245926703,6.317633772961719,-0.32145309817627865,-0.33212670805124395,-0.32244051094014076,-0.0009874127638621055
2023-08-01,-0.0029271063151227183,473.91871709735904,477.490248875872,0.1157325461150475,7.146941178617878,0.5078543074798798,0.4880935317809826,0.5090130561262982,0.001158748646418406
2023-08-02,-0.01384598532150294,468.7288647168364,472.26128488816,0.10946380782972333,9.473538819268688,2.83445194813069,2.308811211142071,2.7768938634539864,-0.05755808467670365
2023-08-03,-0.0028436229533689295,473.9583975740342,477.530228391345,0.11578382908057701,7.131844546913999,0.4927576757760006,0.4741727224571703,0.49391598108008544,0.001158305304084839
2023-08-04,-0.004544948200958077,473.1497406706026,476.7154773124266,0.1147471840895342,7.446911154225045,0.8078242830870472,0.7578678668780294,0.8083029438587026,0.00047866077165537035
2023-08-07,0.008728542333430234,479.4587634565027,483.07204596338386,0.12321565209416745,5.359449640720183,-1.2796372304178147,-1.4554801213789146,-1.2694607136017722,0.010176516816042591
2023-08-08,-0.004348694282354515,473.2430221206541,476.80946174729627,0.11486583259356214,7.409761423081069,0.7706745519430713,0.7251426229187764,0.7713160985970934,0.0006415466540220516
2023-08-09,-0.006685236768802283,472.1324401114206,475.69051020380397,0.11347016067864234,7.866185257571058,1.2270983864330596,1.1147599280622744,1.223880943447064,-0.0032174429859954667
2023-08-10,0.0004935501962983757,475.54458934380256,479.12837397114066,0.11786574216607021,6.557672384642971,-0.08141448649502703,-0.08229925137254415,-0.08170449723747931,-0.0002900107424522874
2023-08-11,-0.0008744982846380367,474.8943422203287,478.4732264751312,0.11700503941430215,6.786270099210094,0.14718322807209638,0.14582215687901015,0.14768936503663552,0.0005061369645391334
2023-08-14,0.005520894115534913,477.9341361820549,481.53592883938035,0.12110185016312049,5.792200361624926,-0.8468865095130722,-0.9206063659246733,-0.8461856834977021,0.0007008260153701373
2023-08-15,-0.011494509418801924,469.84654472814924,473.3873879254783,0.11072892193270492,8.908922636912695,2.2698357657746975,1.9167037662168604,2.2392973261870903,-0.030538439587607158
2023-08-16,-0.007338165232902094,471.8220966831493,475.37782797485585,0.11308709192766297,7.999384758954064,1.360297887816066,1.2236354268428633,1.3551124266339452,-0.005185461182120932
2023-08-17,-0.007688108452370113,471.65576517150396,475.2102429607465,0.11288310440772502,8.071821482031517,1.4327346108935188,1.2819882857843066,1.4263040635923319,-0.006430547301186973
2023-08-18,0.0005042864346949116,475.54969238527485,479.13351546999843,0.11787253405053315,6.555914444956665,-0.08317242618133314,-0.08408951382046881,-0.08346860277759896,-0.0002961765962658236
2023-08-21,0.0065295087976537936,478.4135408266128,482.01894635859594,0.12176293773795321,5.651737641908275,-0.9873492292297232,-1.0887923658175107,-0.9846959359653975,0.002653293264325729
2023-08-22,-0.0026859080873148367,474.0333610270184,477.6057567816168,0.11588082462385264,7.103424958982194,0.4643380878441956,0.4478738464686298,0.4654878105340063,0.0011497226898106727
2023-08-23,0.011137738217505522,480.60387835216255,484.2257906389877,0.12482287879807234,5.05995434076855,-1.5791325303694483,-1.8572123446791962,-1.5543335807909822,0.02479894957846618
2023-08-24,-0.013791391102182637,468.75481389522156,472.28742962395165,0.10949255652851765,9.459999137872039,2.820912266734041,2.299707652045088,2.76410631568554,-0.05680595104850106
2023-08-25,0.00693490799230978,478.6062311178248,482.2130887965024,0.12202961622068295,5.596435701527888,-1.0426511696101102,-1.1563924812210968,-1.0389686572604093,0.0036825123497008505
2023-08-28,0.0062507103079896265,478.2810251164905,481.88543198762153,0.12157985449043902,5.690151042650752,-0.9489358284872464,-1.0423028554186768,-0.9469061105778335,0.002029717909412976
2023-08-29,0.014479331375649496,482.19217099616,485.82605292555667,0.1270743294273937,4.677569118933703,-1.961517752204295,-2.4144213527385094,-1.902537031760656,0.058980720443639
2023-08-30,0.004052459308409917,477.2361744338803,480.832707133171,0.1201459033640779,6.004249445521893,-0.6348374256161051,-0.6757455873814386,-0.6356485636455668,-0.0008111380294616444
2023-08-31,-0.001419289024904069,474.63539773357286,478.21233053883356,0.11666500844371151,6.879889985477929,0.24080311433993096,0.23666574364053028,0.24158406046266728,0.0007809461227363257
2023-09-01,0.0019987119411934984,476.2600077727687,479.84918391464674,0.11882326453975396,6.316545989972687,-0.32254088116531143,-0.3332842286423993,-0.32353039764222796,-0.0009895164769165299
2023-09-05,-0.004188922626831237,473.31896318624086,476.88597511762487,0.11496260911803279,7.379674664521919,0.7405877933839209,0.6985007783024823,0.7413437403822419,0.0007559469983210443
2023-09-06,-0.007033162697529516,471.9670674382372,475.52389125412583,0.11326563965177948,7.93684842777953,1.2977615566415324,1.172776404769425,1.2935511528497134,-0.0042104037918189174
2023-09-07,-0.002891469045591011,473.93565584794015,477.5073152797485,0.11575443263947209,7.140492228911225,0.5014053577732271,0.48215103469473114,0.5025642730642658,0.0011589152910386202
2023-09-08,0.0014386871979319427,475.99382241204904,479.58099253593184,0.11846576751765558,6.405019763551919,-0.23406710758607918,-0.23990037940841297,-0.23484670136864122,-0.000779593782562038
2023-09-11,0.006644369121641347,478.4681350872074,482.0739520507918,0.12183844017993814,5.636002665245491,-1.003084205892507,-1.107945268090652,-1.0001543143096479,0.0029298915828590566
2023-09-12,-0.005507860408072163,472.6920588694392,476.2543463436352,0.11416873722306203,7.632304890238748,0.99321801910075,0.9184330016451424,0.9925027146733069,-0.0007153044274431641
2023-09-13,0.001188394098390111,475.8748555989058,479.46112916872056,0.11830645599366121,6.445034175403474,-0.19405269573452433,-0.19816412872813513,-0.19471590222871582,-0.0006632064941914928
2023-09-14,0.008712010929206482,479.4509059147611,483.0641292058759,0.12320467723990017,5.3615778777227385,-1.2775089934152595,-1.4527235178926687,-1.267408064981706,0.010100928433553369
2023-09-15,-0.015652753108348016,467.8700899200711,471.3960382189689,0.1085301381031317,9.933541050652636,3.294454179514638,2.610088846885323,3.208302447317108,-0.0861517321975298
2023-09-18,0.0006315552046913808,475.6101845043419,479.1944634679278,0.11795308877534219,6.5351177568938175,-0.10396911424418054,-0.10531151833464163,-0.10433765626899284,-0.00036854202481230447
2023-09-19,-0.002073800238937884,474.32430200843044,477.89889034357753,0.11625865105584157,6.994362035069104,0.3552751639311058,0.34580516519059545,0.3563056331138262,0.0010304691827203727
2023-09-20,-0.009215965304601226,470.92955953106997,474.4785645115186,0.11200377204131778,8.396831235232954,1.7577443640949557,1.5367576609889169,1.744132696982526,-0.013611667112429782
2023-09-21,-0.01618676333128155,467.6162695210086,471.140304986358,0.10826100468655102,10.074002329526026,3.434915458388028,2.69913478770823,3.3388620311772965,-0.09605342721073162
2023-09-22,-0.002641763029221589,474.0543436145807,477.6268974975154,0.11590800039971612,7.095493704481143,0.456406833343145,0.44051267984337517,0.45755240275656966,0.0011455694134246408
2023-09-25,0.0042751922674784115,477.34204163665515,480.9393721691299,0.1202903786436805,5.9714964162884945,-0.6675904548495035,-0.7128861982550868,-0.6682603880397441,-0.000669933190240557
2023-09-26,-0.014760659833884748,468.2941107743562,471.823254566281,0.10898677179452418,9.703504172700447,3.0644173015624485,2.461332734146531,2.9933017720936914,-0.0711155294687571
2023-09-27,0.0003992015968063978,475.4997445109781,479.08319118005505,0.11780608030803917,6.573144771362884,-0.06594209977511412,-0.06656666902435361,-0.06617757070779613,-0.00023547093268201646
2023-09-28,0.005868269095347545,478.09924698370963,481.7022839440217,0.12132913859446257,5.74335590069472,-0.8957309704432781,-0.9785309721725315,-0.8944505558355573,0.00128041460772077
2023-09-29,-0.002613646970969885,474.0677074582283,477.64036205335384,0.11592531466820424,7.090447623961333,0.45136075282333543,0.4358243410218872,0.45250328942153395,0.001142536598198518
2023-10-02,-9.358914365920068e-05,475.26551614412733,478.8471976285314,0.11749517899448542,6.6546585375694525,0.015571666431454467,0.015605943463340908,0.015627329276057512,5.5662844603045214e-05
2023-10-03,-0.013290902283788819,468.99270123549235,472.52710972353924,0.10975752611688804,9.336842624744543,2.697755753606545,2.2162513888664432,2.64755564349895,-0.050200110107595286
2023-10-04,0.00713811420982724,478.70281706507296,482.3104026318198,0.12216348888653257,5.568960715494563,-1.0701261556434352,-1.1902770175891384,-1.065870882819113,0.004255272824322143
2023-10-05,-0.0005180249122889169,475.06377757893995,478.64393872732325,0.11722838809698236,6.7258169942702,0.08673012313220241,0.08638039817116858,0.08703560151315422,0.0003054783809518097
2023-10-06,0.012038542182015055,481.0320394845336,484.6571784662231,0.12542748941146273,4.953226492108513,-1.685860379029485,-2.0074209606793105,-1.6535681823476935,0.03229219668179151
2023-10-09,0.0062619302574606905,478.28635807067366,481.8908051318513,0.12158721744438049,5.6885990898591,-0.9504877812788983,-1.0441737764492809,-0.9484342522333913,0.002053529045507041
2023-10-10,0.005205080158234399,477.7840266500104,481.38468805645965,0.12089558370611174,5.837039562701546,-0.8020473084364523,-0.8679445445866042,-0.801794573865985,0.00025273457046737224
2023-10-11,0.004119488170855279,477.2680339224892,480.86480672028614,0.12018936120687344,5.994370322633307,-0.6447165485046913,-0.6869226170756465,-0.6454881905401012,-0.000771642035409914
2023-10-12,-0.005913226834131646,472.4993841534689,476.06021959834806,0.11392711252341377,7.711924508070464,1.0728376369324657,0.986027652901432,1.0714013109669858,-0.0014363259654799343
2023-10-13,-0.0050261683535840485,472.92101191985796,476.4850248230481,0.1144573251460657,7.538910635363479,0.8998237642254807,0.8381110895604156,0.8997917300799623,-3.2034145518444745e-05
2023-10-16,0.010404356389757785,480.25529463561577,483.8745799364701,0.12433204963518732,5.148920637865645,-1.4901662332723529,-1.734921287261834,-1.4706163643377983,0.01954986893455457
2023-10-17,0.00011466837904761107,475.3645030272451,478.94693049357807,0.11762642042196805,6.6200662036410645,-0.01902066749693354,-0.019120895549228262,-0.019088791326556744,-6.812382962320326e-05
2023-10-18,-0.013414662111032039,468.9338769520054,472.46784213028155,0.1096917685282732,9.367134632985449,2.728047761847451,2.2368882789102527,2.676262212691266,-0.05178554915618516
2023-10-19,-0.008809036816660565,471.1229767106731,474.6734393157703,0.11223613509770643,8.308859659070558,1.6697727879325601,1.4689025366857347,1.6583687007218464,-0.011404087210713731
2023-10-20,-0.012287489740884117,469.46963325126035,473.0076359798153,0.11029628292516792,9.095126289808018,2.45603941867002,2.048932843117233,2.417571732259618,-0.0384676864104021
2023-10-23,-0.0018280667600484302,474.44110158828136,478.0165701448591,0.11641093527036842,6.951126065195288,0.31203919405728975,0.3048292290012309,0.3129886419997099,0.0009494479424201341
2023-10-24,0.0074683664732184685,478.8597892683855,482.46855780426233,0.12238133870305208,5.5246539379414665,-1.1144329331965315,-1.2453464193339747,-1.1091624295544675,0.0052705036420639395
2023-10-25,-0.01409414986543267,468.6109096274612,472.1424408692385,0.10933351510099454,9.535348274441994,2.8962614033039955,2.3501925262257375,2.8352046362865035,-0.061056767017491964
2023-10-26,-0.011972893369411652,469.61916405258495,473.15829367060326,0.11046721102191655,9.020750159624347,2.381663288486349,1.9964740536143768,2.346478080959484,-0.03518520752686527
2023-10-27,-0.0046533045733259115,473.09823780325246,476.6635863107386,0.11468178313165671,7.4675139311403065,0.8284270600023085,0.775936238432134,0.8288048336727337,0.000377773670425241
2023-10-30,0.01210158513720816,481.06200443156644,484.68736923417566,0.12546987152739994,4.94586044776967,-1.693226423368328,-2.0179333423086194,-1.6603647759464357,0.03286164742189235
2023-10-31,0.006110763604869174,478.2145070490304,481.8184126287306,0.12148805202283569,5.709551376549824,-0.9295354945881744,-1.0189668118201813,-0.9277939097220964,0.0017415848660780053
2023-11-01,0.01073648971783836,480.4131609277857,484.0336359357753,0.12455417382972943,5.1083957869595435,-1.5306910841784545,-1.790304355614171,-1.5088555323141046,0.021835551864349823
2023-11-02,0.01911566396176867,484.39586623766826,488.04635558791847,0.13023016828055606,4.2040170456083,-2.4350698255296983,-3.1875275206896694,-2.2953452537024908,0.13972457182720754
2023-11-03,0.009192840727070273,479.67944912598375,483.29439475747506,0.12352420304330758,5.300091917178215,-1.3389949539597827,-1.5329016491113296,-1.3265659928434903,0.012428961116292436
2023-11-06,0.0022312699836679606,476.37054493593723,479.9605541046123,0.11897213408600454,6.2802311300787155,-0.35885574105928253,-0.3720631673194805,-0.35990749292504004,-0.001051751865757511
2023-11-07,0.002685333945375401,476.5863660775764,480.1780017109553,0.11926348049148149,6.210037392989511,-0.42904947814848704,-0.4477781085838996,-0.43017167406479895,-0.0011221959163119077
2023-11-08,0.0008698239750954961,475.72343603360264,479.3085684799085,0.11810411174714537,6.4963911072207665,-0.1426957639172315,-0.14504271807234795,-0.14319541751922094,-0.0004996536019894471
2023-11-09,-0.007730131503716375,471.6357911949686,475.1901184569385,0.11285867164777713,8.080569667937194,1.441482796799196,1.288995608832949,1.4348933528274017,-0.006589443971794395
2023-11-10,0.01576509092585332,482.80330536796737,486.44179290957373,0.12794629222325124,4.539927379105786,-2.0991594920322116,-2.628821122448898,-2.0219901037333914,0.07716938829882025
2023-11-13,-0.001111842254543749,474.7815302579928,478.3595643427262,0.11685670458123167,6.826872664687542,0.18778579354954417,0.18539914659056095,0.18841743796205895,0.0006316444125147869
2023-11-14,0.019399391213483996,484.5307246376811,488.18223030369154,0.13042422178784346,4.177006557205761,-2.462080313932237,-3.2348388997252684,-2.315975369481575,0.1461049444506619
2023-11-15,0.0020723772172208665,476.29502161511726,479.88446162724586,0.11887039463730034,6.305016040329142,-0.334070830808856,-0.3455678770223933,-0.33508181479451316,-0.0010109839856571323
2023-11-16,0.0011563521537059085,475.85962574217797,479.44578453721107,0.11828608242127202,6.450177986138972,-0.1889088849990257,-0.19282115028377977,-0.18955636187822167,-0.000647476879195974
2023-11-17,0.0012660758312788012,475.91177850336516,479.49833033044615,0.1183558691709674,6.432583705580729,-0.2065031655572689,-0.21111751930525224,-0.20720375877562355,-0.000700593218354667
2023-11-20,0.007719952083055981,478.97937042459733,482.5890401443357,0.12254752386988685,5.491186086489304,-1.1479007846486944,-1.2872981954674234,-1.1417844492474554,0.006116335401239015
2023-11-21,-0.002091313344780521,474.31597785409235,477.8905034570015,0.11624781101945635,6.997455320143683,0.35836844900568465,0.3487254669367413,0.3594040352349543,0.001035586229269636
2023-11-22,0.0039046127374202655,477.1659014802232,480.76190459062434,0.12005011001414215,6.026108673967981,-0.6129781971700172,-0.6510922447190243,-0.6138675842155701,-0.0008893870455528585
2023-11-24,0.00048343148457430374,475.539779818933,479.1235282008765,0.11785934145329828,6.559329718462623,-0.07975715267537531,-0.08061196119216402,-0.08004134423303291,-0.00028419155765760373
2023-11-27,-0.0017351197012959174,474.485280254777,478.06108174927346,0.11646862434535842,6.934853418139845,0.2957665470018469,0.28933035287883135,0.2966811374345998,0.000914590432752882
2023-11-28,0.0008580669292204135,475.71784779212777,479.3029381244987,0.11809665332503531,6.498295674142325,-0.14079119699567322,-0.14308223648177013,-0.1412845368042874,-0.0004933398086141849
2023-11-29,-0.0005935370411078722,475.02788590899104,478.60777657166614,0.11718102029763572,6.738570085221173,0.0994832140831754,0.09897200834162839,0.09983215096049995,0.00034893687732455436
2023-11-30,0.0035193454017552472,476.98278006290826,480.5774031392705,0.11980089389708795,6.083517604206597,-0.5555692669314007,-0.5868491068551605,-0.556607936360976,-0.0010386694295753118
2023-12-01,0.00611533656269847,478.2166806216162,481.8206025817278,0.12149105074702347,5.708916189007017,-0.9301706821309814,-1.0197293502787415,-0.9284199395977486,0.0017507425332328186
2023-12-04,-0.005141388174807138,472.8662467866324,476.42984697049616,0.11438815236267662,7.561130957247689,0.9220440861096906,0.8573239378199402,0.9218649245661364,-0.0001791615435541294
2023-12-05,-0.00019708316909738954,475.21632439889635,478.79763516597063,0.1174300398818741,6.67192809829059,0.03284122715259219,0.03286352106936556,0.03295835721315466,0.00011713006056247172
2023-12-06,-0.004008147710099164,473.4048873119128,476.9725467820715,0.11507230485078958,7.345801936608733,0.7067150654707346,0.6683566502572189,0.7075815866653475,0.0008665211946129459
2023-12-07,0.007696705809913329,478.96832123850993,482.57790768970915,0.12253216037420282,5.49426821039803,-1.1448186607399684,-1.283421890906741,-1.1387831655012046,0.006035495238763788
2023-12-08,0.004146298882681476,477.28077732192736,480.87764615614236,0.12020674870926319,5.990424223504411,-0.6486626476335866,-0.6913932900256617,-0.6494177761540799,-0.0007551285204933089
2023-12-11,0.004042248011474792,477.23132090233406,480.82781702458846,0.12013928445979982,6.00575615199583,-0.633330719142168,-0.6740428586628432,-0.6341476515189508,-0.0008169323767828196
2023-12-12,0.004740259740259711,477.56309285714286,481.16208926908206,0.12059265728371807,5.903792731318146,-0.7352941398198523,-0.7904359695543217,-0.7355730277990293,-0.0002788879791770782
2023-12-13,0.01365820030590914,481.80187918740165,485.43281981157537,0.12651899107814088,4.768157952633436,-1.8709289185045623,-2.2774981525752453,-1.8220260650369506,0.048902853467611695
2023-12-14,0.003166641871931608,476.8151365481478,480.4084962345682,0.11957326901933009,6.13664556628666,-0.5024413048513381,-0.5280359675257748,-0.5035525120301011,-0.0011112071787630073
2023-12-15,-0.005529426719206754,472.68180818609386,476.2440184094027,0.11415585360649343,7.6365171367273685,0.9974302655893705,0.9220291733710428,0.9966800695555444,-0.0007501960338260893
2023-12-18,0.005517564602373071,477.93255363115395,481.5343343621076,0.12109967370988309,5.79267092884243,-0.8464159422955682,-0.9200511712500358,-0.8457202242608785,0.0006957180346897074
2023-12-19,0.0059322033898305815,478.12963559322037,481.73290156724437,0.1213710168691567,5.734419991885925,-0.9046668792520727,-0.9891919841880271,-0.9032694895536447,0.0013973896984279532
2023-12-20,-0.014174389216512262,468.57277106149957,472.10401488457956,0.1092915241885254,9.55542577260212,2.9163389014641226,2.3635723983724675,2.854122669531884,-0.062216231932238575
2023-12-21,0.009891682867947171,480.011615783964,483.62906467969015,0.1239897276565267,5.212243945703268,-1.4268429254347303,-1.6494332308088386,-1.4105337638818314,0.016309161552898965
2023-12-22,0.0020731965305691435,476.2954110429448,479.88485398986757,0.11887091895915831,6.304887943032421,-0.33419892810557705,-0.34570449711839113,-0.33521014193208687,-0.0010112138265098158
2023-12-26,0.004074480662050295,477.24664140347915,480.8432529836269,0.12016017886803058,6.001001664421533,-0.6380852067164646,-0.679417637220363,-0.6388836492661526,-0.0007984425496879721
2023-12-27,0.001808204200920871,476.1694575387397,479.7579512787064,0.11870149266179122,6.34647972644191,-0.2926071446960883,-0.30151715708067933,-0.2935340903420059,-0.0009269456459176095
2023-12-28,0.0005456796860243696,475.5693670115642,479.15333836760624,0.11789872523364701,6.549141943965756,-0.08994492717224212,-0.09099181802748671,-0.0902647912857704,-0.00031986411352828703
2023-12-29,-0.0029786252176284833,473.894229647809,477.4655768847517,0.11570091934812231,7.1562759973349825,0.5171891261969845,0.4966842833186349,0.5183466815903099,0.0011575553933254046
